term,estimate,std.error,lower,upper
b_Intercept,1.2386240862352311,0.6841725517667369,0.195669329852595,2.2487483570670617
sigma,1.2698744871307481,1.241199635537402,0.46106900360810615,3.021077494739409
lp__,-11.21898562841725,1.3229499247060343,-13.829028049423394,-9.930186202576682
